id;name;enabled;hired_at;age;email;mobile;created_date;default_image;default_image_data;default_image_data_content_type
1;sum um as;false;2024-06-09;9152;Isobel13@gmail.com;doctor;2024-06-10;allege route save;../fake-data/blob/hipster.png;image/png
2;energise;true;2024-06-09;21517;Annamarie.Jast69@hotmail.com;undulate that down;2024-06-10;jury;../fake-data/blob/hipster.png;image/png
3;confectionery inquisitively;false;2024-06-09;15932;Rogers_Feil31@yahoo.com;alarm;2024-06-09;atop swiftly event;../fake-data/blob/hipster.png;image/png
4;woot;true;2024-06-09;12969;Donna59@hotmail.com;grandchild frilly;2024-06-10;boycott optimistically;../fake-data/blob/hipster.png;image/png
5;unpack;false;2024-06-10;15152;Lauren_Huel43@hotmail.com;solidly terrible expose;2024-06-10;kindly hop;../fake-data/blob/hipster.png;image/png
6;born;false;2024-06-10;7467;Ben.Nienow50@hotmail.com;giggle;2024-06-09;since especially intently;../fake-data/blob/hipster.png;image/png
7;pfft considering;false;2024-06-09;9512;Althea56@hotmail.com;daub tensely;2024-06-09;resit;../fake-data/blob/hipster.png;image/png
8;outrun elegant;true;2024-06-10;17862;Eloisa_Langworth@yahoo.com;regularly what;2024-06-10;bronco;../fake-data/blob/hipster.png;image/png
9;slow;true;2024-06-10;3796;Kade56@yahoo.com;ick carefully;2024-06-09;unfortunate now tar;../fake-data/blob/hipster.png;image/png
10;scarily;true;2024-06-10;32581;Orval87@yahoo.com;why whoever syringe;2024-06-10;anxiously pyramid anxiously;../fake-data/blob/hipster.png;image/png
